978-1-933624-16-7,A Bath for Lucky
978-1-933624-67-9,A Birthday for Danny's Bee
978-1-933624-05-1,A Fish Story
978-1-933624-87-7,A Goat
978-1-933624-04-4,A Lucky Pony
978-1-933624-14-3,A New Home for Fish
978-1-933624-62-4,A Peanut for the Little Chipmunk
978-1-933624-26-6,A Week at Grandma Ruth's
978-1-933624-34-1,ABC Danny
978-1-933624-76-1,ABC Danny (Hardcover)
978-1-62544-177-5,Alive or Not Alive Danny?
978-0-9720295-3-7,All About Danny
978-1-62544-167-6,All About Danny Lap Book
978-1-933624-32-7,At Grandma Ruth's House 
978-1-933624-11-2,At the Car Wash
978-1-62544-175-1,Autumn in the Woods
978-1-933624-46-4,Baby Elephant Goes for a Swim
978-1-933624-53-2,Baby Elephant Goes for a Swim Lap Book
978-1-933624-47-1,Baby Elephant is Thirsty
978-1-933624-54-9,Baby Elephant is Thirsty LapBook
978-1-933624-4978-1-933624-46-44-0,Baby Elephant Runs Away
978-1-933624-51-8,Baby Elephant Runs Away Lap Book
978-1-933624-43-3,Baby Elephant's Trunk
978-1-933624-50-1,Baby Elephant's Trunk Lap Book
978-1-933624-95-2,Bats in Danny's House
978-1-62544-182-9,Bean Plant
978-1-933624-08-2,Bee
978-1-933624-82-2,Bee and the Skunk
978-1-933624-45-7,Berries For Baby Elephant
978-1-933624-52-5,Berries For Baby Elephant Lap Book
978-0-9746475-0-0,Big Adventure
978-1-62544-115-7,Birds Around the Pond
978-1-933624-38-9,Birthday Wishes
978-1-62544-170-6,Birthday Wishes Lap Book
978-1-62544-110-2,Botanist Danny
978-1-62544-163-8,Brown Bears at the Zoo
978-1-933624-55-6,Camping Out
978-0-9720295-6-8,Can Sort
978-1-62544-116-4,Canada Geese Around the Pond
978-1-933624-00-6,Castle
978-1-933624-85-3,Cats Like to Hide
978-1-62544-197-3,Chicken Guard Dog
978-1-933624-86-0,Chickens
978-1-933624-29-7,Circus Fish
978-1-933624-33-4,Cookies For Danny
978-1-62544-113-3,Counting Frogs Around the Pond
978-1-933624-99-0,Cows
978-1-933624-80-8,Dandelion Danny
978-0-9713518-1-3,Danny and Abby are Friends
978-1-933624-10-5,Danny and Abby Play Hospital
978-0-9746475-4-9,Danny and Abby Play Tag
978-1-933624-66-2,Danny and Bee Play Together
978-1-62544-186-7,Danny and Bee Play Together Lap Book
978-1-933624-02-0,Danny and Bee's Book of Opposites
978-0-9720295-1-3,Danny and Bee's Safety Rules
978-1-62544-188-1,Danny and Bee's Safety Rules Lap Book
978-1-62544-159-1,Danny and Dad Go on a Picnic
978-0-9720295-4-4,Danny and Dad Go Shopping
978-1-933624-37-2,Danny and Dad Read
978-0-9720295-8-2,Danny and Heather Share
978-1-62544-160-7,Danny and Norman's Snowman
978-1-62544-158-4,Danny and The Big Race
978-0-9713518-7-5,Danny and the Bully
978-1-933624-36-5,Danny and the Corn Maze
978-0-9713518-5-1,Danny and the Four Seasons
978-1-933624-68-6,Danny and the Little Bunny
978-0-9746475-6-2,Danny and the Little Worm
978-1-933624-13-6,Danny and the Monarch Butterfly
978-1-933624-69-3,Danny and the Runaway Train
978-0-9713518-2-0,Dinner
978-1-62544-164-5,Elephants at the Zoo
978-1-62544-111-9,Entomologist Danny
978-1-62544-128-7,Favorite Nursery Rhymes by Danny
978-0-9746475-4-8,Favorite Shapes
978-1-933624-01-3,Five Danny Dogs
978-1-933624-65-5,Five Little Pumpkins
978-0-9720295-0-6,Five Senses
978-1-62544-191-1,Flamingos at the Zoo
978-1-62544-180-5,Follows the Signs
978-1-933624-81-5,Game of Sink or Float
978-1-933624-83-9,Garden
978-1-62544-185-0,Garden Lap Book
978-1-62544-112-6,Geologist Danny
978-0-9720295-5-1,Get Down Danny
978-0-9713518-3-7,Gets Fit
978-1-933624-17-4,Giddyup Lucky
978-1-62544-165-2,Giraffes at the Zoo
978-1-933624-12-9,Goes For a Walk
978-1-933624-63-1,Grandma Ruth Feeds Her Friends
978-1-933624-30-3,Grandma Ruth's Garden
978-1-933624-31-0,Grandma Ruth's Glasses
978-0-9713518-9-9,Groundhog Day
978-1-933624-35-8,Hair is Everywhere  
978-0-9713518-4-4,Halloween Danny
978-1-933624-64-8,Hats
978-1-62544-179-9,Hold Still Danny!
978-1-933624-98-3,Horse Colors
978-0-9720295-7-5,I Am Danny
978-1-933624-73-0,I Like Flowers
978-1-933624-92-1,is a Big Dog
978-1-62544-178-2,Likes Apples
978-0-9720295-2-0,Likes Red
978-1-62544-172-0,Likes Red Lap Book
978-0-9746475-9-3,Likes to Help
978-1-62544-171-3,Likes To Help Lap Book
978-1-933624-72-3,Little Pig
978-1-933624-77-8,Little Pig Gets Stuck
978-1-62544-199-7,Little Raccoon In My Yard
978-1-933624-06-8,Locked In
978-0-9713518-0-6,Look at Danny
978-1-933624-28-0,Looking For a Pony
978-1-62544-157-7,Looks for a Honeybee Yard
978-0-9713518-6-8,Looks For Abby
978-1-933624-42-6,Lunch For Baby Elephant
978-1-933624-49-5,Lunch For Baby Elephant Lap Book
978-1-933624-79-2,Makes a Mask
978-1-62544-130-0,Meets Norman
978-1-62544-202-4,More Fish for Fish
978-1-933624-90-7,Moving
978-1-62544-129-4,My Name Is Norman
978-1-62544-198-0,My Yard
978-0-9713518-8-2,New Toy
978-1-62544-190-4,New Toy Lap Book
978-1-62544-134-8,Norman and the Turtle
978-1-62544-133-1,Norman Hides from Danny
978-1-62544-161-4,Norman is a Superhero
978-1-62544-131-7,Norman Wants to Play with Danny
978-1-62544-132-4,Norman's First Halloween
978-1-62544-162-1,Norman's Loose Tooth
978-0-9746475-4-1,Paints a Picture
978-0-9746475-1-7,Party
978-1-62544-192-8,Penguins at the Zoo
978-1-933624-96-9,Picture Day
978-1-933624-88-4,Pigs
978-1-933624-15-0,Pirate Fish
978-1-62544-193-5,Polar Bears at the Zoo
978-1-933624-07-5,Puppy Danny
978-1-62544-168-3,Puppy Danny Lap Book
978-1-62544-181-2,Really Big Show
978-1-62544-194-2,Rhinoceroses at the Zoo
978-1-933624-40-2,Rocket
978-1-62544-187-4,Rocket Lap Book
978-1-933624-94-5,Shadow
978-1-933624-39-6,Snow Danny
978-1-933624-25-9,Special Tree
978-1-62544-173-7,Spring in the Woods
978-1-933624-03-7,Spy Danny
978-1-62544-189-8,Spy Danny Lap Book
978-1-62544-174-4,Summer in the Woods
978-1-933624-09-9,Super Danny
978-1-933197-90-6,Super Danny Board Book
978-1-62544-118-8,The Adventures of Super Danny and BatBee
978-1-933624-74-7,The Cat Wants to Play
978-1-933624-75-4,The Chickens and the Fox
978-1-933624-78-5,the Dinosaur
978-1-62544-196-6,The Drone
978-1-62544-125-6,The Farm
978-1-933624-71-6,The Fort
978-1-62544-201-7,The Lost Dog
978-1-62544-124-9,The Pond
978-1-62544-200-0,The Robins in My Yard
978-1-62544-126-3,The Woods
978-1-62544-195-9,The Yellow Coat
978-1-62544-127-0,The Zoo
978-1-62544-166-9,Tigers at the Zoo
978-0-9746475-2-4,Timeline
978-1-62544-169-0,Timeline Lap Book
978-1-933624-91-4,Toy Basket
978-1-933624-93-8,Tummy Trouble for Danny
978-1-62544-114-0,Turtles Around the Pond
978-1-933624-84-6,Who's in the Chicken Coop?
978-0-9746475-8-6,Window
978-1-62544-176-8,Winter in the Woods
